mid,date,venue,bat_team,bowl_team,batsman,bowler,runs,wickets,overs,runs_last_5,wickets_last_5,striker,non-striker,total
1,2008-04-18,M Chinnaswamy Stadium,Kolkata Knight Riders,Royal Challengers Bangalore,SC Ganguly,P Kumar,1,0,0.1,1,0,0,0,222
1,2008-04-18,M Chinnaswamy Stadium,Kolkata Knight Riders,Royal Challengers Bangalore,BB McCullum,P Kumar,1,0,0.2,1,0,0,0,222
1,2008-04-18,M Chinnaswamy Stadium,Kolkata Knight Riders,Royal Challengers Bangalore,BB McCullum,P Kumar,2,0,0.2,2,0,0,0,222
1,2008-04-18,M Chinnaswamy Stadium,Kolkata Knight Riders,Royal Challengers Bangalore,BB McCullum,P Kumar,2,0,0.3,2,0,0,0,222
1,2008-04-18,M Chinnaswamy Stadium,Kolkata Knight Riders,Royal Challengers Bangalore,BB McCullum,P Kumar,2,0,0.4,2,0,0,0,222
1,2008-04-18,M Chinnaswamy Stadium,Kolkata Knight Riders,Royal Challengers Bangalore,BB McCullum,P Kumar,2,0,0.5,2,0,0,0,222
1,2008-04-18,M Chinnaswamy Stadium,Kolkata Knight Riders,Royal Challengers Bangalore,BB McCullum,P Kumar,3,0,0.6,3,0,0,0,222
1,2008-04-18,M Chinnaswamy Stadium,Kolkata Knight Riders,Royal Challengers Bangalore,BB McCullum,Z Khan,3,0,1.1,3,0,0,0,222
1,2008-04-18,M Chinnaswamy Stadium,Kolkata Knight Riders,Royal Challengers Bangalore,BB McCullum,Z Khan,7,0,1.2,7,0,4,0,222
1,2008-04-18,M Chinnaswamy Stadium,Kolkata Knight Riders,Royal Challengers Bangalore,BB McCullum,Z Khan,11,0,1.3,11,0,8,0,222
1,2008-04-18,M Chinnaswamy Stadium,Kolkata Knight Riders,Royal Challengers Bangalore,BB McCullum,Z Khan,17,0,1.4,17,0,14,0,222
1,2008-04-18,M Chinnaswamy Stadium,Kolkata Knight Riders,Royal Challengers Bangalore,BB McCullum,Z Khan,21,0,1.5,21,0,18,0,222
1,2008-04-18,M Chinnaswamy Stadium,Kolkata Knight Riders,Royal Challengers Bangalore,BB McCullum,Z Khan,21,0,1.6,21,0,18,0,222
1,2008-04-18,M Chinnaswamy Stadium,Kolkata Knight Riders,Royal Challengers Bangalore,SC Ganguly,P Kumar,21,0,2.1,21,0,18,0,222
1,2008-04-18,M Chinnaswamy Stadium,Kolkata Knight Riders,Royal Challengers Bangalore,SC Ganguly,P Kumar,21,0,2.2,21,0,18,0,222
1,2008-04-18,M Chinnaswamy Stadium,Kolkata Knight Riders,Royal Challengers Bangalore,SC Ganguly,P Kumar,22,0,2.3,22,0,18,0,222
1,2008-04-18,M Chinnaswamy Stadium,Kolkata Knight Riders,Royal Challengers Bangalore,BB McCullum,P Kumar,26,0,2.4,26,0,22,0,222
1,2008-04-18,M Chinnaswamy Stadium,Kolkata Knight Riders,Royal Challengers Bangalore,BB McCullum,P Kumar,27,0,2.5,27,0,23,0,222
1,2008-04-18,M Chinnaswamy Stadium,Kolkata Knight Riders,Royal Challengers Bangalore,SC Ganguly,P Kumar,27,0,2.6,27,0,23,0,222
1,2008-04-18,M Chinnaswamy Stadium,Kolkata Knight Riders,Royal Challengers Bangalore,BB McCullum,AA Noffke,32,0,3.0,32,0,23,0,222
1,2008-04-18,M Chinnaswamy Stadium,Kolkata Knight Riders,Royal Challengers Bangalore,BB McCullum,AA Noffke,38,0,3.1,38,0,29,0,222
1,2008-04-18,M Chinnaswamy Stadium,Kolkata Knight Riders,Royal Challengers Bangalore,BB McCullum,AA Noffke,39,0,3.2,39,0,29,0,222
1,2008-04-18,M Chinnaswamy Stadium,Kolkata Knight Riders,Royal Challengers Bangalore,SC Ganguly,AA Noffke,43,0,3.3,43,0,29,4,222
1,2008-04-18,M Chinnaswamy Stadium,Kolkata Knight Riders,Royal Challengers Bangalore,SC Ganguly,AA Noffke,43,0,3.4,43,0,29,4,222
1,2008-04-18,M Chinnaswamy Stadium,Kolkata Knight Riders,Royal Challengers Bangalore,SC Ganguly,AA Noffke,44,0,3.5,44,0,29,5,222
1,2008-04-18,M Chinnaswamy Stadium,Kolkata Knight Riders,Royal Challengers Bangalore,BB McCullum,AA Noffke,50,0,3.6,50,0,35,5,222
1,2008-04-18,M Chinnaswamy Stadium,Kolkata Knight Riders,Royal Challengers Bangalore,SC Ganguly,P Kumar,54,0,4.1,54,0,35,9,222
1,2008-04-18,M Chinnaswamy Stadium,Kolkata Knight Riders,Royal Challengers Bangalore,SC Ganguly,P Kumar,55,0,4.2,55,0,35,10,222
1,2008-04-18,M Chinnaswamy Stadium,Kolkata Knight Riders,Royal Challengers Bangalore,BB McCullum,P Kumar,59,0,4.3,59,0,39,10,222
1,2008-04-18,M Chinnaswamy Stadium,Kolkata Knight Riders,Royal Challengers Bangalore,BB McCullum,P Kumar,59,0,4.4,59,0,39,10,222
1,2008-04-18,M Chinnaswamy Stadium,Kolkata Knight Riders,Royal Challengers Bangalore,BB McCullum,P Kumar,60,0,4.5,59,0,40,10,222
1,2008-04-18,M Chinnaswamy Stadium,Kolkata Knight Riders,Royal Challengers Bangalore,SC Ganguly,P Kumar,60,0,4.6,59,0,40,10,222
1,2008-04-18,M Chinnaswamy Stadium,Kolkata Knight Riders,Royal Challengers Bangalore,BB McCullum,Z Khan,61,0,5.1,59,0,41,10,222
1,2008-04-18,M Chinnaswamy Stadium,Kolkata Knight Riders,Royal Challengers Bangalore,SC Ganguly,Z Khan,61,1,5.2,59,1,41,10,222
1,2008-04-18,M Chinnaswamy Stadium,Kolkata Knight Riders,Royal Challengers Bangalore,RT Ponting,Z Khan,61,1,5.3,59,1,41,0,222
1,2008-04-18,M Chinnaswamy Stadium,Kolkata Knight Riders,Royal Challengers Bangalore,RT Ponting,Z Khan,61,1,5.4,59,1,41,0,222
1,2008-04-18,M Chinnaswamy Stadium,Kolkata Knight Riders,Royal Challengers Bangalore,RT Ponting,Z Khan,61,1,5.5,58,1,41,0,222
1,2008-04-18,M Chinnaswamy Stadium,Kolkata Knight Riders,Royal Challengers Bangalore,RT Ponting,Z Khan,61,1,5.6,58,1,41,0,222
1,2008-04-18,M Chinnaswamy Stadium,Kolkata Knight Riders,Royal Challengers Bangalore,BB McCullum,AA Noffke,62,1,6.1,55,1,42,0,222
1,2008-04-18,M Chinnaswamy Stadium,Kolkata Knight Riders,Royal Challengers Bangalore,RT Ponting,AA Noffke,63,1,6.2,52,1,42,1,222
1,2008-04-18,M Chinnaswamy Stadium,Kolkata Knight Riders,Royal Challengers Bangalore,BB McCullum,AA Noffke,64,1,6.3,47,1,43,1,222
1,2008-04-18,M Chinnaswamy Stadium,Kolkata Knight Riders,Royal Challengers Bangalore,RT Ponting,AA Noffke,66,1,6.4,45,1,43,3,222
1,2008-04-18,M Chinnaswamy Stadium,Kolkata Knight Riders,Royal Challengers Bangalore,RT Ponting,AA Noffke,67,1,6.5,46,1,43,4,222
1,2008-04-18,M Chinnaswamy Stadium,Kolkata Knight Riders,Royal Challengers Bangalore,BB McCullum,AA Noffke,68,1,6.6,47,1,44,4,222
1,2008-04-18,M Chinnaswamy Stadium,Kolkata Knight Riders,Royal Challengers Bangalore,BB McCullum,Z Khan,68,1,7.1,47,1,44,4,222
1,2008-04-18,M Chinnaswamy Stadium,Kolkata Knight Riders,Royal Challengers Bangalore,BB McCullum,Z Khan,69,1,7.2,47,1,45,4,222
1,2008-04-18,M Chinnaswamy Stadium,Kolkata Knight Riders,Royal Challengers Bangalore,RT Ponting,Z Khan,70,1,7.3,44,1,45,5,222
1,2008-04-18,M Chinnaswamy Stadium,Kolkata Knight Riders,Royal Challengers Bangalore,BB McCullum,Z Khan,71,1,7.4,44,1,46,5,222
1,2008-04-18,M Chinnaswamy Stadium,Kolkata Knight Riders,Royal Challengers Bangalore,RT Ponting,Z Khan,72,1,7.5,45,1,46,6,222
1,2008-04-18,M Chinnaswamy Stadium,Kolkata Knight Riders,Royal Challengers Bangalore,BB McCullum,Z Khan,73,1,7.6,41,1,47,6,222
1,2008-04-18,M Chinnaswamy Stadium,Kolkata Knight Riders,Royal Challengers Bangalore,BB McCullum,JH Kallis,73,1,8.1,35,1,47,6,222
1,2008-04-18,M Chinnaswamy Stadium,Kolkata Knight Riders,Royal Challengers Bangalore,BB McCullum,JH Kallis,73,1,8.2,34,1,47,6,222
1,2008-04-18,M Chinnaswamy Stadium,Kolkata Knight Riders,Royal Challengers Bangalore,BB McCullum,JH Kallis,73,1,8.3,30,1,47,6,222
1,2008-04-18,M Chinnaswamy Stadium,Kolkata Knight Riders,Royal Challengers Bangalore,BB McCullum,JH Kallis,74,1,8.4,31,1,48,6,222
1,2008-04-18,M Chinnaswamy Stadium,Kolkata Knight Riders,Royal Challengers Bangalore,RT Ponting,JH Kallis,75,1,8.5,31,1,48,7,222
1,2008-04-18,M Chinnaswamy Stadium,Kolkata Knight Riders,Royal Challengers Bangalore,BB McCullum,JH Kallis,77,1,8.6,27,1,50,7,222
1,2008-04-18,M Chinnaswamy Stadium,Kolkata Knight Riders,Royal Challengers Bangalore,RT Ponting,SB Joshi,78,1,9.1,24,1,50,8,222
1,2008-04-18,M Chinnaswamy Stadium,Kolkata Knight Riders,Royal Challengers Bangalore,BB McCullum,SB Joshi,79,1,9.2,24,1,51,8,222
1,2008-04-18,M Chinnaswamy Stadium,Kolkata Knight Riders,Royal Challengers Bangalore,RT Ponting,SB Joshi,80,1,9.3,21,1,51,9,222
1,2008-04-18,M Chinnaswamy Stadium,Kolkata Knight Riders,Royal Challengers Bangalore,BB McCullum,SB Joshi,80,1,9.4,21,1,51,9,222
1,2008-04-18,M Chinnaswamy Stadium,Kolkata Knight Riders,Royal Challengers Bangalore,BB McCullum,SB Joshi,86,1,9.5,26,1,57,9,222
1,2008-04-18,M Chinnaswamy Stadium,Kolkata Knight Riders,Royal Challengers Bangalore,BB McCullum,SB Joshi,87,1,9.6,27,1,58,9,222
1,2008-04-18,M Chinnaswamy Stadium,Kolkata Knight Riders,Royal Challengers Bangalore,BB McCullum,JH Kallis,88,1,10.1,27,1,59,9,222
1,2008-04-18,M Chinnaswamy Stadium,Kolkata Knight Riders,Royal Challengers Bangalore,RT Ponting,JH Kallis,92,1,10.2,31,0,59,13,222
1,2008-04-18,M Chinnaswamy Stadium,Kolkata Knight Riders,Royal Challengers Bangalore,RT Ponting,JH Kallis,92,1,10.3,31,0,59,13,222
1,2008-04-18,M Chinnaswamy Stadium,Kolkata Knight Riders,Royal Challengers Bangalore,RT Ponting,JH Kallis,98,1,10.4,37,0,59,19,222
1,2008-04-18,M Chinnaswamy Stadium,Kolkata Knight Riders,Royal Challengers Bangalore,RT Ponting,JH Kallis,98,1,10.5,37,0,59,19,222
1,2008-04-18,M Chinnaswamy Stadium,Kolkata Knight Riders,Royal Challengers Bangalore,RT Ponting,JH Kallis,102,1,10.6,41,0,59,19,222
1,2008-04-18,M Chinnaswamy Stadium,Kolkata Knight Riders,Royal Challengers Bangalore,BB McCullum,SB Joshi,102,1,11.1,40,0,59,19,222
1,2008-04-18,M Chinnaswamy Stadium,Kolkata Knight Riders,Royal Challengers Bangalore,BB McCullum,SB Joshi,108,1,11.2,45,0,65,19,222
1,2008-04-18,M Chinnaswamy Stadium,Kolkata Knight Riders,Royal Challengers Bangalore,BB McCullum,SB Joshi,110,1,11.3,46,0,67,19,222
1,2008-04-18,M Chinnaswamy Stadium,Kolkata Knight Riders,Royal Challengers Bangalore,BB McCullum,SB Joshi,111,1,11.4,45,0,68,19,222
1,2008-04-18,M Chinnaswamy Stadium,Kolkata Knight Riders,Royal Challengers Bangalore,RT Ponting,SB Joshi,111,1,11.5,44,0,68,19,222
1,2008-04-18,M Chinnaswamy Stadium,Kolkata Knight Riders,Royal Challengers Bangalore,RT Ponting,SB Joshi,112,1,11.6,44,0,68,20,222
1,2008-04-18,M Chinnaswamy Stadium,Kolkata Knight Riders,Royal Challengers Bangalore,RT Ponting,JH Kallis,112,2,12.1,44,1,68,20,222
1,2008-04-18,M Chinnaswamy Stadium,Kolkata Knight Riders,Royal Challengers Bangalore,BB McCullum,JH Kallis,116,2,12.2,47,1,72,0,222
1,2008-04-18,M Chinnaswamy Stadium,Kolkata Knight Riders,Royal Challengers Bangalore,BB McCullum,JH Kallis,116,2,12.3,46,1,72,0,222
1,2008-04-18,M Chinnaswamy Stadium,Kolkata Knight Riders,Royal Challengers Bangalore,BB McCullum,JH Kallis,118,2,12.4,47,1,74,0,222
1,2008-04-18,M Chinnaswamy Stadium,Kolkata Knight Riders,Royal Challengers Bangalore,BB McCullum,JH Kallis,119,2,12.4,47,1,74,0,222
1,2008-04-18,M Chinnaswamy Stadium,Kolkata Knight Riders,Royal Challengers Bangalore,BB McCullum,JH Kallis,123,2,12.5,50,1,78,0,222
1,2008-04-18,M Chinnaswamy Stadium,Kolkata Knight Riders,Royal Challengers Bangalore,BB McCullum,JH Kallis,124,2,12.6,51,1,79,0,222
1,2008-04-18,M Chinnaswamy Stadium,Kolkata Knight Riders,Royal Challengers Bangalore,BB McCullum,SB Joshi,125,2,13.1,52,1,80,0,222
1,2008-04-18,M Chinnaswamy Stadium,Kolkata Knight Riders,Royal Challengers Bangalore,DJ Hussey,SB Joshi,125,2,13.2,52,1,80,0,222
1,2008-04-18,M Chinnaswamy Stadium,Kolkata Knight Riders,Royal Challengers Bangalore,DJ Hussey,SB Joshi,126,2,13.3,52,1,80,1,222
1,2008-04-18,M Chinnaswamy Stadium,Kolkata Knight Riders,Royal Challengers Bangalore,BB McCullum,SB Joshi,127,2,13.4,52,1,81,1,222
1,2008-04-18,M Chinnaswamy Stadium,Kolkata Knight Riders,Royal Challengers Bangalore,DJ Hussey,SB Joshi,128,2,13.5,51,1,81,2,222
1,2008-04-18,M Chinnaswamy Stadium,Kolkata Knight Riders,Royal Challengers Bangalore,BB McCullum,SB Joshi,130,2,13.6,52,1,83,2,222
1,2008-04-18,M Chinnaswamy Stadium,Kolkata Knight Riders,Royal Challengers Bangalore,DJ Hussey,CL White,134,2,14.1,55,1,83,6,222
1,2008-04-18,M Chinnaswamy Stadium,Kolkata Knight Riders,Royal Challengers Bangalore,DJ Hussey,CL White,135,2,14.2,55,1,83,7,222
1,2008-04-18,M Chinnaswamy Stadium,Kolkata Knight Riders,Royal Challengers Bangalore,BB McCullum,CL White,141,2,14.3,61,1,89,7,222
1,2008-04-18,M Chinnaswamy Stadium,Kolkata Knight Riders,Royal Challengers Bangalore,BB McCullum,CL White,145,2,14.4,59,1,93,7,222
1,2008-04-18,M Chinnaswamy Stadium,Kolkata Knight Riders,Royal Challengers Bangalore,BB McCullum,CL White,147,2,14.4,60,1,93,7,222
1,2008-04-18,M Chinnaswamy Stadium,Kolkata Knight Riders,Royal Challengers Bangalore,DJ Hussey,CL White,148,2,14.5,60,1,93,8,222
1,2008-04-18,M Chinnaswamy Stadium,Kolkata Knight Riders,Royal Challengers Bangalore,BB McCullum,CL White,154,2,14.6,62,1,99,8,222
1,2008-04-18,M Chinnaswamy Stadium,Kolkata Knight Riders,Royal Challengers Bangalore,DJ Hussey,AA Noffke,154,2,15.1,62,1,99,8,222
1,2008-04-18,M Chinnaswamy Stadium,Kolkata Knight Riders,Royal Challengers Bangalore,DJ Hussey,AA Noffke,155,2,15.2,57,1,99,9,222
1,2008-04-18,M Chinnaswamy Stadium,Kolkata Knight Riders,Royal Challengers Bangalore,BB McCullum,AA Noffke,157,2,15.3,59,1,101,9,222
1,2008-04-18,M Chinnaswamy Stadium,Kolkata Knight Riders,Royal Challengers Bangalore,BB McCullum,AA Noffke,157,2,15.4,55,1,101,9,222
1,2008-04-18,M Chinnaswamy Stadium,Kolkata Knight Riders,Royal Challengers Bangalore,BB McCullum,AA Noffke,158,2,15.5,56,1,102,9,222
1,2008-04-18,M Chinnaswamy Stadium,Kolkata Knight Riders,Royal Challengers Bangalore,DJ Hussey,AA Noffke,158,2,15.6,50,1,102,9,222
1,2008-04-18,M Chinnaswamy Stadium,Kolkata Knight Riders,Royal Challengers Bangalore,BB McCullum,Z Khan,159,2,16.1,49,1,103,9,222
1,2008-04-18,M Chinnaswamy Stadium,Kolkata Knight Riders,Royal Challengers Bangalore,DJ Hussey,Z Khan,161,2,16.2,50,1,103,11,222
1,2008-04-18,M Chinnaswamy Stadium,Kolkata Knight Riders,Royal Challengers Bangalore,DJ Hussey,Z Khan,162,2,16.3,51,1,103,12,222
1,2008-04-18,M Chinnaswamy Stadium,Kolkata Knight Riders,Royal Challengers Bangalore,BB McCullum,Z Khan,168,2,16.4,56,1,109,12,222
1,2008-04-18,M Chinnaswamy Stadium,Kolkata Knight Riders,Royal Challengers Bangalore,BB McCullum,Z Khan,170,2,16.5,58,0,111,12,222
1,2008-04-18,M Chinnaswamy Stadium,Kolkata Knight Riders,Royal Challengers Bangalore,BB McCullum,Z Khan,172,2,16.6,56,0,113,12,222
1,2008-04-18,M Chinnaswamy Stadium,Kolkata Knight Riders,Royal Challengers Bangalore,DJ Hussey,AA Noffke,172,3,17.1,56,1,113,12,222
1,2008-04-18,M Chinnaswamy Stadium,Kolkata Knight Riders,Royal Challengers Bangalore,BB McCullum,AA Noffke,173,3,17.2,55,1,114,0,222
1,2008-04-18,M Chinnaswamy Stadium,Kolkata Knight Riders,Royal Challengers Bangalore,Mohammad Hafeez,AA Noffke,173,3,17.3,54,1,114,0,222
1,2008-04-18,M Chinnaswamy Stadium,Kolkata Knight Riders,Royal Challengers Bangalore,Mohammad Hafeez,AA Noffke,174,3,17.4,51,1,114,1,222
1,2008-04-18,M Chinnaswamy Stadium,Kolkata Knight Riders,Royal Challengers Bangalore,BB McCullum,AA Noffke,178,3,17.5,54,1,118,1,222
1,2008-04-18,M Chinnaswamy Stadium,Kolkata Knight Riders,Royal Challengers Bangalore,BB McCullum,AA Noffke,179,3,17.6,54,1,119,1,222
1,2008-04-18,M Chinnaswamy Stadium,Kolkata Knight Riders,Royal Challengers Bangalore,BB McCullum,JH Kallis,185,3,18.1,60,1,125,1,222
1,2008-04-18,M Chinnaswamy Stadium,Kolkata Knight Riders,Royal Challengers Bangalore,BB McCullum,JH Kallis,185,3,18.2,59,1,125,1,222
1,2008-04-18,M Chinnaswamy Stadium,Kolkata Knight Riders,Royal Challengers Bangalore,BB McCullum,JH Kallis,191,3,18.3,64,1,131,1,222
1,2008-04-18,M Chinnaswamy Stadium,Kolkata Knight Riders,Royal Challengers Bangalore,BB McCullum,JH Kallis,195,3,18.4,67,1,135,1,222
1,2008-04-18,M Chinnaswamy Stadium,Kolkata Knight Riders,Royal Challengers Bangalore,BB McCullum,JH Kallis,196,3,18.5,66,1,136,1,222
1,2008-04-18,M Chinnaswamy Stadium,Kolkata Knight Riders,Royal Challengers Bangalore,Mohammad Hafeez,JH Kallis,200,3,18.6,66,1,136,5,222
1,2008-04-18,M Chinnaswamy Stadium,Kolkata Knight Riders,Royal Challengers Bangalore,BB McCullum,P Kumar,206,3,19.1,71,1,142,5,222
1,2008-04-18,M Chinnaswamy Stadium,Kolkata Knight Riders,Royal Challengers Bangalore,BB McCullum,P Kumar,212,3,19.2,71,1,148,5,222
1,2008-04-18,M Chinnaswamy Stadium,Kolkata Knight Riders,Royal Challengers Bangalore,BB McCullum,P Kumar,214,3,19.3,69,1,150,5,222
1,2008-04-18,M Chinnaswamy Stadium,Kolkata Knight Riders,Royal Challengers Bangalore,BB McCullum,P Kumar,214,3,19.4,67,1,150,5,222
1,2008-04-18,M Chinnaswamy Stadium,Kolkata Knight Riders,Royal Challengers Bangalore,BB McCullum,P Kumar,216,3,19.5,68,1,152,5,222
1,2008-04-18,M Chinnaswamy Stadium,Kolkata Knight Riders,Royal Challengers Bangalore,BB McCullum,P Kumar,222,3,19.6,68,1,158,5,222
2,2008-04-19,"Punjab Cricket Association Stadium, Mohali",Chennai Super Kings,Kings XI Punjab,PA Patel,B Lee,0,0,0.1,0,0,0,0,240
2,2008-04-19,"Punjab Cricket Association Stadium, Mohali",Chennai Super Kings,Kings XI Punjab,PA Patel,B Lee,0,0,0.2,0,0,0,0,240
2,2008-04-19,"Punjab Cricket Association Stadium, Mohali",Chennai Super Kings,Kings XI Punjab,PA Patel,B Lee,1,0,0.3,1,0,1,0,240
2,2008-04-19,"Punjab Cricket Association Stadium, Mohali",Chennai Super Kings,Kings XI Punjab,ML Hayden,B Lee,1,0,0.4,1,0,1,0,240
2,2008-04-19,"Punjab Cricket Association Stadium, Mohali",Chennai Super Kings,Kings XI Punjab,ML Hayden,B Lee,5,0,0.5,5,0,4,1,240
2,2008-04-19,"Punjab Cricket Association Stadium, Mohali",Chennai Super Kings,Kings XI Punjab,ML Hayden,B Lee,5,0,0.6,5,0,4,1,240
2,2008-04-19,"Punjab Cricket Association Stadium, Mohali",Chennai Super Kings,Kings XI Punjab,PA Patel,S Sreesanth,9,0,1.1,9,0,5,4,240
2,2008-04-19,"Punjab Cricket Association Stadium, Mohali",Chennai Super Kings,Kings XI Punjab,PA Patel,S Sreesanth,13,0,1.2,13,0,9,4,240
2,2008-04-19,"Punjab Cricket Association Stadium, Mohali",Chennai Super Kings,Kings XI Punjab,PA Patel,S Sreesanth,17,0,1.3,17,0,13,4,240
2,2008-04-19,"Punjab Cricket Association Stadium, Mohali",Chennai Super Kings,Kings XI Punjab,PA Patel,S Sreesanth,19,0,1.4,19,0,15,4,240
2,2008-04-19,"Punjab Cricket Association Stadium, Mohali",Chennai Super Kings,Kings XI Punjab,PA Patel,S Sreesanth,20,0,1.4,20,0,15,4,240
2,2008-04-19,"Punjab Cricket Association Stadium, Mohali",Chennai Super Kings,Kings XI Punjab,PA Patel,S Sreesanth,20,0,1.5,20,0,15,4,240
2,2008-04-19,"Punjab Cricket Association Stadium, Mohali",Chennai Super Kings,Kings XI Punjab,PA Patel,S Sreesanth,20,0,1.6,20,0,15,4,240
2,2008-04-19,"Punjab Cricket Association Stadium, Mohali",Chennai Super Kings,Kings XI Punjab,ML Hayden,B Lee,20,0,2.1,20,0,15,4,240
2,2008-04-19,"Punjab Cricket Association Stadium, Mohali",Chennai Super Kings,Kings XI Punjab,ML Hayden,B Lee,25,0,2.1,25,0,15,8,240
2,2008-04-19,"Punjab Cricket Association Stadium, Mohali",Chennai Super Kings,Kings XI Punjab,ML Hayden,B Lee,25,0,2.2,25,0,15,8,240
2,2008-04-19,"Punjab Cricket Association Stadium, Mohali",Chennai Super Kings,Kings XI Punjab,ML Hayden,B Lee,26,0,2.3,26,0,15,9,240
2,2008-04-19,"Punjab Cricket Association Stadium, Mohali",Chennai Super Kings,Kings XI Punjab,PA Patel,B Lee,26,1,2.4,26,1,15,9,240
2,2008-04-19,"Punjab Cricket Association Stadium, Mohali",Chennai Super Kings,Kings XI Punjab,MEK Hussey,B Lee,27,1,2.5,27,1,9,1,240
2,2008-04-19,"Punjab Cricket Association Stadium, Mohali",Chennai Super Kings,Kings XI Punjab,ML Hayden,B Lee,27,1,2.6,27,1,9,1,240
2,2008-04-19,"Punjab Cricket Association Stadium, Mohali",Chennai Super Kings,Kings XI Punjab,MEK Hussey,S Sreesanth,27,1,3.1,27,1,9,1,240
2,2008-04-19,"Punjab Cricket Association Stadium, Mohali",Chennai Super Kings,Kings XI Punjab,MEK Hussey,S Sreesanth,27,1,3.2,27,1,9,1,240
2,2008-04-19,"Punjab Cricket Association Stadium, Mohali",Chennai Super Kings,Kings XI Punjab,MEK Hussey,S Sreesanth,28,1,3.3,28,1,9,2,240
2,2008-04-19,"Punjab Cricket Association Stadium, Mohali",Chennai Super Kings,Kings XI Punjab,ML Hayden,S Sreesanth,29,1,3.4,29,1,10,2,240
2,2008-04-19,"Punjab Cricket Association Stadium, Mohali",Chennai Super Kings,Kings XI Punjab,MEK Hussey,S Sreesanth,29,1,3.5,29,1,10,2,240
2,2008-04-19,"Punjab Cricket Association Stadium, Mohali",Chennai Super Kings,Kings XI Punjab,MEK Hussey,S Sreesanth,33,1,3.6,33,1,10,6,240
2,2008-04-19,"Punjab Cricket Association Stadium, Mohali",Chennai Super Kings,Kings XI Punjab,ML Hayden,B Lee,33,1,4.1,33,1,10,6,240
2,2008-04-19,"Punjab Cricket Association Stadium, Mohali",Chennai Super Kings,Kings XI Punjab,ML Hayden,B Lee,34,1,4.2,34,1,10,6,240
2,2008-04-19,"Punjab Cricket Association Stadium, Mohali",Chennai Super Kings,Kings XI Punjab,MEK Hussey,B Lee,38,1,4.3,38,1,10,10,240
2,2008-04-19,"Punjab Cricket Association Stadium, Mohali",Chennai Super Kings,Kings XI Punjab,MEK Hussey,B Lee,42,1,4.4,42,1,14,10,240
2,2008-04-19,"Punjab Cricket Association Stadium, Mohali",Chennai Super Kings,Kings XI Punjab,MEK Hussey,B Lee,42,1,4.5,42,1,14,10,240
2,2008-04-19,"Punjab Cricket Association Stadium, Mohali",Chennai Super Kings,Kings XI Punjab,MEK Hussey,B Lee,42,1,4.6,42,1,14,10,240
2,2008-04-19,"Punjab Cricket Association Stadium, Mohali",Chennai Super Kings,Kings XI Punjab,ML Hayden,JR Hopes,46,1,5.1,45,1,14,14,240
2,2008-04-19,"Punjab Cricket Association Stadium, Mohali",Chennai Super Kings,Kings XI Punjab,ML Hayden,JR Hopes,52,1,5.2,51,1,20,14,240
2,2008-04-19,"Punjab Cricket Association Stadium, Mohali",Chennai Super Kings,Kings XI Punjab,ML Hayden,JR Hopes,52,1,5.3,47,1,20,14,240
2,2008-04-19,"Punjab Cricket Association Stadium, Mohali",Chennai Super Kings,Kings XI Punjab,ML Hayden,JR Hopes,53,1,5.4,48,1,21,14,240
2,2008-04-19,"Punjab Cricket Association Stadium, Mohali",Chennai Super Kings,Kings XI Punjab,MEK Hussey,JR Hopes,53,1,5.5,44,1,21,14,240
2,2008-04-19,"Punjab Cricket Association Stadium, Mohali",Chennai Super Kings,Kings XI Punjab,MEK Hussey,JR Hopes,53,1,5.6,40,1,21,14,240
2,2008-04-19,"Punjab Cricket Association Stadium, Mohali",Chennai Super Kings,Kings XI Punjab,ML Hayden,IK Pathan,57,1,6.1,40,1,25,14,240
2,2008-04-19,"Punjab Cricket Association Stadium, Mohali",Chennai Super Kings,Kings XI Punjab,ML Hayden,IK Pathan,57,2,6.2,38,2,25,14,240
2,2008-04-19,"Punjab Cricket Association Stadium, Mohali",Chennai Super Kings,Kings XI Punjab,MS Dhoni,IK Pathan,58,2,6.3,38,2,14,1,240
2,2008-04-19,"Punjab Cricket Association Stadium, Mohali",Chennai Super Kings,Kings XI Punjab,MEK Hussey,IK Pathan,60,2,6.4,40,2,16,1,240
2,2008-04-19,"Punjab Cricket Association Stadium, Mohali",Chennai Super Kings,Kings XI Punjab,MEK Hussey,IK Pathan,61,2,6.5,41,2,17,1,240
2,2008-04-19,"Punjab Cricket Association Stadium, Mohali",Chennai Super Kings,Kings XI Punjab,MS Dhoni,IK Pathan,62,2,6.6,42,2,17,2,240
2,2008-04-19,"Punjab Cricket Association Stadium, Mohali",Chennai Super Kings,Kings XI Punjab,MS Dhoni,JR Hopes,62,3,7.1,37,3,17,2,240
2,2008-04-19,"Punjab Cricket Association Stadium, Mohali",Chennai Super Kings,Kings XI Punjab,SK Raina,JR Hopes,63,3,7.2,38,3,17,1,240
2,2008-04-19,"Punjab Cricket Association Stadium, Mohali",Chennai Super Kings,Kings XI Punjab,MEK Hussey,JR Hopes,63,3,7.3,37,3,17,1,240
2,2008-04-19,"Punjab Cricket Association Stadium, Mohali",Chennai Super Kings,Kings XI Punjab,MEK Hussey,JR Hopes,64,3,7.4,38,2,18,1,240
2,2008-04-19,"Punjab Cricket Association Stadium, Mohali",Chennai Super Kings,Kings XI Punjab,SK Raina,JR Hopes,70,3,7.5,43,2,18,7,240
2,2008-04-19,"Punjab Cricket Association Stadium, Mohali",Chennai Super Kings,Kings XI Punjab,SK Raina,JR Hopes,70,3,7.6,43,2,18,7,240
2,2008-04-19,"Punjab Cricket Association Stadium, Mohali",Chennai Super Kings,Kings XI Punjab,MEK Hussey,IK Pathan,71,3,8.1,44,2,19,7,240
2,2008-04-19,"Punjab Cricket Association Stadium, Mohali",Chennai Super Kings,Kings XI Punjab,SK Raina,IK Pathan,75,3,8.2,48,2,19,11,240
2,2008-04-19,"Punjab Cricket Association Stadium, Mohali",Chennai Super Kings,Kings XI Punjab,SK Raina,IK Pathan,76,3,8.3,48,2,19,12,240
2,2008-04-19,"Punjab Cricket Association Stadium, Mohali",Chennai Super Kings,Kings XI Punjab,MEK Hussey,IK Pathan,76,3,8.4,47,2,19,12,240
2,2008-04-19,"Punjab Cricket Association Stadium, Mohali",Chennai Super Kings,Kings XI Punjab,MEK Hussey,IK Pathan,82,3,8.5,53,2,25,12,240
2,2008-04-19,"Punjab Cricket Association Stadium, Mohali",Chennai Super Kings,Kings XI Punjab,MEK Hussey,IK Pathan,83,3,8.6,50,2,26,12,240
2,2008-04-19,"Punjab Cricket Association Stadium, Mohali",Chennai Super Kings,Kings XI Punjab,MEK Hussey,K Goel,85,3,9.1,52,2,28,12,240
2,2008-04-19,"Punjab Cricket Association Stadium, Mohali",Chennai Super Kings,Kings XI Punjab,MEK Hussey,K Goel,86,3,9.2,52,2,29,12,240
2,2008-04-19,"Punjab Cricket Association Stadium, Mohali",Chennai Super Kings,Kings XI Punjab,SK Raina,K Goel,87,3,9.3,49,2,29,13,240
2,2008-04-19,"Punjab Cricket Association Stadium, Mohali",Chennai Super Kings,Kings XI Punjab,MEK Hussey,K Goel,87,3,9.4,45,2,29,13,240
2,2008-04-19,"Punjab Cricket Association Stadium, Mohali",Chennai Super Kings,Kings XI Punjab,MEK Hussey,K Goel,87,3,9.5,45,2,29,13,240
2,2008-04-19,"Punjab Cricket Association Stadium, Mohali",Chennai Super Kings,Kings XI Punjab,MEK Hussey,K Goel,88,3,9.6,46,2,30,13,240
2,2008-04-19,"Punjab Cricket Association Stadium, Mohali",Chennai Super Kings,Kings XI Punjab,MEK Hussey,PP Chawla,94,3,10.1,48,2,36,13,240
2,2008-04-19,"Punjab Cricket Association Stadium, Mohali",Chennai Super Kings,Kings XI Punjab,MEK Hussey,PP Chawla,95,3,10.2,43,2,37,13,240
2,2008-04-19,"Punjab Cricket Association Stadium, Mohali",Chennai Super Kings,Kings XI Punjab,SK Raina,PP Chawla,97,3,10.3,45,2,37,15,240
2,2008-04-19,"Punjab Cricket Association Stadium, Mohali",Chennai Super Kings,Kings XI Punjab,SK Raina,PP Chawla,97,3,10.4,44,2,37,15,240
2,2008-04-19,"Punjab Cricket Association Stadium, Mohali",Chennai Super Kings,Kings XI Punjab,SK Raina,PP Chawla,103,3,10.5,50,2,37,21,240
2,2008-04-19,"Punjab Cricket Association Stadium, Mohali",Chennai Super Kings,Kings XI Punjab,SK Raina,PP Chawla,107,3,10.6,54,2,37,25,240
2,2008-04-19,"Punjab Cricket Association Stadium, Mohali",Chennai Super Kings,Kings XI Punjab,MEK Hussey,K Goel,113,3,11.1,56,2,43,25,240
2,2008-04-19,"Punjab Cricket Association Stadium, Mohali",Chennai Super Kings,Kings XI Punjab,MEK Hussey,K Goel,117,3,11.2,60,1,47,25,240
2,2008-04-19,"Punjab Cricket Association Stadium, Mohali",Chennai Super Kings,Kings XI Punjab,MEK Hussey,K Goel,118,3,11.3,60,1,48,25,240
2,2008-04-19,"Punjab Cricket Association Stadium, Mohali",Chennai Super Kings,Kings XI Punjab,SK Raina,K Goel,124,3,11.4,64,1,48,31,240
2,2008-04-19,"Punjab Cricket Association Stadium, Mohali",Chennai Super Kings,Kings XI Punjab,SK Raina,K Goel,125,3,11.5,64,1,48,32,240
2,2008-04-19,"Punjab Cricket Association Stadium, Mohali",Chennai Super Kings,Kings XI Punjab,MEK Hussey,K Goel,127,3,11.6,65,1,50,32,240
2,2008-04-19,"Punjab Cricket Association Stadium, Mohali",Chennai Super Kings,Kings XI Punjab,SK Raina,WA Mota,128,3,12.0,66,0,50,32,240
2,2008-04-19,"Punjab Cricket Association Stadium, Mohali",Chennai Super Kings,Kings XI Punjab,SK Raina,WA Mota,128,4,12.1,65,1,50,32,240
2,2008-04-19,"Punjab Cricket Association Stadium, Mohali",Chennai Super Kings,Kings XI Punjab,MEK Hussey,WA Mota,129,4,12.2,66,1,51,0,240
2,2008-04-19,"Punjab Cricket Association Stadium, Mohali",Chennai Super Kings,Kings XI Punjab,JDP Oram,WA Mota,130,4,12.2,66,1,51,0,240
2,2008-04-19,"Punjab Cricket Association Stadium, Mohali",Chennai Super Kings,Kings XI Punjab,JDP Oram,WA Mota,130,4,12.3,60,1,51,0,240
2,2008-04-19,"Punjab Cricket Association Stadium, Mohali",Chennai Super Kings,Kings XI Punjab,JDP Oram,WA Mota,131,4,12.4,61,1,51,1,240
2,2008-04-19,"Punjab Cricket Association Stadium, Mohali",Chennai Super Kings,Kings XI Punjab,MEK Hussey,WA Mota,132,4,12.5,61,1,52,1,240
2,2008-04-19,"Punjab Cricket Association Stadium, Mohali",Chennai Super Kings,Kings XI Punjab,JDP Oram,WA Mota,133,4,12.6,58,1,52,2,240
2,2008-04-19,"Punjab Cricket Association Stadium, Mohali",Chennai Super Kings,Kings XI Punjab,JDP Oram,JR Hopes,134,4,13.1,58,1,52,3,240
2,2008-04-19,"Punjab Cricket Association Stadium, Mohali",Chennai Super Kings,Kings XI Punjab,MEK Hussey,JR Hopes,134,4,13.2,58,1,52,3,240
2,2008-04-19,"Punjab Cricket Association Stadium, Mohali",Chennai Super Kings,Kings XI Punjab,MEK Hussey,JR Hopes,135,4,13.3,53,1,53,3,240
2,2008-04-19,"Punjab Cricket Association Stadium, Mohali",Chennai Super Kings,Kings XI Punjab,JDP Oram,JR Hopes,136,4,13.4,53,1,53,4,240
2,2008-04-19,"Punjab Cricket Association Stadium, Mohali",Chennai Super Kings,Kings XI Punjab,MEK Hussey,JR Hopes,142,4,13.5,57,1,59,4,240
2,2008-04-19,"Punjab Cricket Association Stadium, Mohali",Chennai Super Kings,Kings XI Punjab,MEK Hussey,JR Hopes,143,4,13.6,57,1,59,4,240
2,2008-04-19,"Punjab Cricket Association Stadium, Mohali",Chennai Super Kings,Kings XI Punjab,MEK Hussey,WA Mota,147,4,14.1,60,1,63,4,240
2,2008-04-19,"Punjab Cricket Association Stadium, Mohali",Chennai Super Kings,Kings XI Punjab,MEK Hussey,WA Mota,148,4,14.2,61,1,64,4,240
2,2008-04-19,"Punjab Cricket Association Stadium, Mohali",Chennai Super Kings,Kings XI Punjab,JDP Oram,WA Mota,150,4,14.3,63,1,64,6,240
2,2008-04-19,"Punjab Cricket Association Stadium, Mohali",Chennai Super Kings,Kings XI Punjab,JDP Oram,WA Mota,151,4,14.4,63,1,64,7,240
2,2008-04-19,"Punjab Cricket Association Stadium, Mohali",Chennai Super Kings,Kings XI Punjab,MEK Hussey,WA Mota,155,4,14.5,61,1,68,7,240
2,2008-04-19,"Punjab Cricket Association Stadium, Mohali",Chennai Super Kings,Kings XI Punjab,MEK Hussey,WA Mota,161,4,14.6,66,1,74,7,240
2,2008-04-19,"Punjab Cricket Association Stadium, Mohali",Chennai Super Kings,Kings XI Punjab,JDP Oram,IK Pathan,167,4,15.1,70,1,74,13,240
2,2008-04-19,"Punjab Cricket Association Stadium, Mohali",Chennai Super Kings,Kings XI Punjab,JDP Oram,IK Pathan,167,4,15.2,70,1,74,13,240
2,2008-04-19,"Punjab Cricket Association Stadium, Mohali",Chennai Super Kings,Kings XI Punjab,JDP Oram,IK Pathan,167,5,15.3,64,2,74,13,240
2,2008-04-19,"Punjab Cricket Association Stadium, Mohali",Chennai Super Kings,Kings XI Punjab,S Badrinath,IK Pathan,167,5,15.4,60,2,74,0,240
2,2008-04-19,"Punjab Cricket Association Stadium, Mohali",Chennai Super Kings,Kings XI Punjab,S Badrinath,IK Pathan,168,5,15.5,55,2,74,1,240
2,2008-04-19,"Punjab Cricket Association Stadium, Mohali",Chennai Super Kings,Kings XI Punjab,MEK Hussey,IK Pathan,169,5,15.6,52,2,75,1,240
2,2008-04-19,"Punjab Cricket Association Stadium, Mohali",Chennai Super Kings,Kings XI Punjab,MEK Hussey,S Sreesanth,170,5,16.1,52,2,76,1,240
2,2008-04-19,"Punjab Cricket Association Stadium, Mohali",Chennai Super Kings,Kings XI Punjab,S Badrinath,S Sreesanth,171,5,16.2,47,2,76,2,240
2,2008-04-19,"Punjab Cricket Association Stadium, Mohali",Chennai Super Kings,Kings XI Punjab,MEK Hussey,S Sreesanth,177,5,16.3,52,2,82,2,240
2,2008-04-19,"Punjab Cricket Association Stadium, Mohali",Chennai Super Kings,Kings XI Punjab,MEK Hussey,S Sreesanth,181,5,16.4,54,2,86,2,240
2,2008-04-19,"Punjab Cricket Association Stadium, Mohali",Chennai Super Kings,Kings XI Punjab,MEK Hussey,S Sreesanth,182,5,16.5,54,2,87,2,240
2,2008-04-19,"Punjab Cricket Association Stadium, Mohali",Chennai Super Kings,Kings XI Punjab,S Badrinath,S Sreesanth,183,5,16.6,55,1,87,3,240
2,2008-04-19,"Punjab Cricket Association Stadium, Mohali",Chennai Super Kings,Kings XI Punjab,S Badrinath,IK Pathan,183,5,17.1,54,1,87,3,240
2,2008-04-19,"Punjab Cricket Association Stadium, Mohali",Chennai Super Kings,Kings XI Punjab,S Badrinath,IK Pathan,187,5,17.2,57,1,87,7,240
2,2008-04-19,"Punjab Cricket Association Stadium, Mohali",Chennai Super Kings,Kings XI Punjab,S Badrinath,IK Pathan,188,5,17.3,58,1,87,8,240
2,2008-04-19,"Punjab Cricket Association Stadium, Mohali",Chennai Super Kings,Kings XI Punjab,MEK Hussey,IK Pathan,190,5,17.4,59,1,89,8,240
2,2008-04-19,"Punjab Cricket Association Stadium, Mohali",Chennai Super Kings,Kings XI Punjab,MEK Hussey,IK Pathan,196,5,17.5,64,1,95,8,240
2,2008-04-19,"Punjab Cricket Association Stadium, Mohali",Chennai Super Kings,Kings XI Punjab,MEK Hussey,IK Pathan,200,5,17.6,67,1,99,8,240
2,2008-04-19,"Punjab Cricket Association Stadium, Mohali",Chennai Super Kings,Kings XI Punjab,S Badrinath,B Lee,204,5,18.1,70,1,99,12,240
2,2008-04-19,"Punjab Cricket Association Stadium, Mohali",Chennai Super Kings,Kings XI Punjab,S Badrinath,B Lee,205,5,18.2,71,1,99,13,240
2,2008-04-19,"Punjab Cricket Association Stadium, Mohali",Chennai Super Kings,Kings XI Punjab,MEK Hussey,B Lee,206,5,18.3,71,1,100,13,240
2,2008-04-19,"Punjab Cricket Association Stadium, Mohali",Chennai Super Kings,Kings XI Punjab,S Badrinath,B Lee,207,5,18.4,71,1,100,14,240
2,2008-04-19,"Punjab Cricket Association Stadium, Mohali",Chennai Super Kings,Kings XI Punjab,MEK Hussey,B Lee,213,5,18.5,71,1,106,14,240
2,2008-04-19,"Punjab Cricket Association Stadium, Mohali",Chennai Super Kings,Kings XI Punjab,MEK Hussey,B Lee,215,5,18.6,72,1,108,14,240
2,2008-04-19,"Punjab Cricket Association Stadium, Mohali",Chennai Super Kings,Kings XI Punjab,S Badrinath,JR Hopes,221,5,19.1,74,1,108,20,240
2,2008-04-19,"Punjab Cricket Association Stadium, Mohali",Chennai Super Kings,Kings XI Punjab,S Badrinath,JR Hopes,227,5,19.2,79,1,108,26,240
2,2008-04-19,"Punjab Cricket Association Stadium, Mohali",Chennai Super Kings,Kings XI Punjab,S Badrinath,JR Hopes,231,5,19.3,81,1,108,30,240
2,2008-04-19,"Punjab Cricket Association Stadium, Mohali",Chennai Super Kings,Kings XI Punjab,S Badrinath,JR Hopes,232,5,19.4,81,1,108,31,240
2,2008-04-19,"Punjab Cricket Association Stadium, Mohali",Chennai Super Kings,Kings XI Punjab,MEK Hussey,JR Hopes,238,5,19.5,83,1,114,31,240
2,2008-04-19,"Punjab Cricket Association Stadium, Mohali",Chennai Super Kings,Kings XI Punjab,MEK Hussey,JR Hopes,240,5,19.6,79,1,116,31,240
3,2008-04-19,Feroz Shah Kotla,Rajasthan Royals,Delhi Daredevils,T Kohli,GD McGrath,0,0,0.1,0,0,0,0,129
3,2008-04-19,Feroz Shah Kotla,Rajasthan Royals,Delhi Daredevils,T Kohli,GD McGrath,0,0,0.2,0,0,0,0,129
3,2008-04-19,Feroz Shah Kotla,Rajasthan Royals,Delhi Daredevils,T Kohli,GD McGrath,0,0,0.3,0,0,0,0,129
3,2008-04-19,Feroz Shah Kotla,Rajasthan Royals,Delhi Daredevils,T Kohli,GD McGrath,1,0,0.3,1,0,0,0,129
3,2008-04-19,Feroz Shah Kotla,Rajasthan Royals,Delhi Daredevils,T Kohli,GD McGrath,1,0,0.4,1,0,0,0,129
3,2008-04-19,Feroz Shah Kotla,Rajasthan Royals,Delhi Daredevils,T Kohli,GD McGrath,1,0,0.5,1,0,0,0,129
3,2008-04-19,Feroz Shah Kotla,Rajasthan Royals,Delhi Daredevils,T Kohli,GD McGrath,7,0,0.6,7,0,6,0,129
3,2008-04-19,Feroz Shah Kotla,Rajasthan Royals,Delhi Daredevils,YK Pathan,B Geeves,8,0,1.1,8,0,6,1,129
3,2008-04-19,Feroz Shah Kotla,Rajasthan Royals,Delhi Daredevils,T Kohli,B Geeves,8,0,1.2,8,0,6,1,129
3,2008-04-19,Feroz Shah Kotla,Rajasthan Royals,Delhi Daredevils,T Kohli,B Geeves,8,0,1.3,8,0,6,1,129
3,2008-04-19,Feroz Shah Kotla,Rajasthan Royals,Delhi Daredevils,T Kohli,B Geeves,9,0,1.4,9,0,7,1,129
3,2008-04-19,Feroz Shah Kotla,Rajasthan Royals,Delhi Daredevils,YK Pathan,B Geeves,13,0,1.5,13,0,7,5,129
3,2008-04-19,Feroz Shah Kotla,Rajasthan Royals,Delhi Daredevils,YK Pathan,B Geeves,17,0,1.6,17,0,9,7,129
3,2008-04-19,Feroz Shah Kotla,Rajasthan Royals,Delhi Daredevils,T Kohli,GD McGrath,17,0,2.1,17,0,9,7,129
3,2008-04-19,Feroz Shah Kotla,Rajasthan Royals,Delhi Daredevils,T Kohli,GD McGrath,17,0,2.2,17,0,9,7,129
3,2008-04-19,Feroz Shah Kotla,Rajasthan Royals,Delhi Daredevils,T Kohli,GD McGrath,17,1,2.3,17,1,9,7,129
3,2008-04-19,Feroz Shah Kotla,Rajasthan Royals,Delhi Daredevils,SR Watson,GD McGrath,17,1,2.4,17,1,9,0,129
3,2008-04-19,Feroz Shah Kotla,Rajasthan Royals,Delhi Daredevils,SR Watson,GD McGrath,17,1,2.5,17,1,9,0,129
3,2008-04-19,Feroz Shah Kotla,Rajasthan Royals,Delhi Daredevils,SR Watson,GD McGrath,17,1,2.6,17,1,9,0,129
3,2008-04-19,Feroz Shah Kotla,Rajasthan Royals,Delhi Daredevils,YK Pathan,B Geeves,18,1,3.1,18,1,10,0,129
3,2008-04-19,Feroz Shah Kotla,Rajasthan Royals,Delhi Daredevils,SR Watson,B Geeves,22,1,3.2,22,1,10,4,129
3,2008-04-19,Feroz Shah Kotla,Rajasthan Royals,Delhi Daredevils,SR Watson,B Geeves,26,1,3.3,26,1,10,8,129
3,2008-04-19,Feroz Shah Kotla,Rajasthan Royals,Delhi Daredevils,SR Watson,B Geeves,27,1,3.4,27,1,10,9,129
3,2008-04-19,Feroz Shah Kotla,Rajasthan Royals,Delhi Daredevils,YK Pathan,B Geeves,27,2,3.5,27,2,10,9,129
3,2008-04-19,Feroz Shah Kotla,Rajasthan Royals,Delhi Daredevils,SR Watson,B Geeves,31,2,3.6,31,2,13,0,129
3,2008-04-19,Feroz Shah Kotla,Rajasthan Royals,Delhi Daredevils,M Kaif,GD McGrath,31,2,4.1,31,2,13,0,129
3,2008-04-19,Feroz Shah Kotla,Rajasthan Royals,Delhi Daredevils,M Kaif,GD McGrath,31,2,4.2,31,2,13,0,129
3,2008-04-19,Feroz Shah Kotla,Rajasthan Royals,Delhi Daredevils,M Kaif,GD McGrath,32,2,4.3,32,2,13,1,129
3,2008-04-19,Feroz Shah Kotla,Rajasthan Royals,Delhi Daredevils,SR Watson,GD McGrath,36,2,4.4,36,2,17,1,129
3,2008-04-19,Feroz Shah Kotla,Rajasthan Royals,Delhi Daredevils,SR Watson,GD McGrath,36,2,4.5,36,2,17,1,129
3,2008-04-19,Feroz Shah Kotla,Rajasthan Royals,Delhi Daredevils,SR Watson,GD McGrath,37,2,4.6,37,2,18,1,129
3,2008-04-19,Feroz Shah Kotla,Rajasthan Royals,Delhi Daredevils,SR Watson,MF Maharoof,37,2,5.1,37,2,18,1,129
3,2008-04-19,Feroz Shah Kotla,Rajasthan Royals,Delhi Daredevils,SR Watson,MF Maharoof,38,2,5.2,38,2,19,1,129
3,2008-04-19,Feroz Shah Kotla,Rajasthan Royals,Delhi Daredevils,M Kaif,MF Maharoof,38,2,5.3,37,2,19,1,129
3,2008-04-19,Feroz Shah Kotla,Rajasthan Royals,Delhi Daredevils,M Kaif,MF Maharoof,39,2,5.4,38,2,19,1,129
3,2008-04-19,Feroz Shah Kotla,Rajasthan Royals,Delhi Daredevils,SR Watson,MF Maharoof,40,2,5.5,39,2,20,1,129
3,2008-04-19,Feroz Shah Kotla,Rajasthan Royals,Delhi Daredevils,M Kaif,MF Maharoof,40,2,5.6,33,2,20,1,129
3,2008-04-19,Feroz Shah Kotla,Rajasthan Royals,Delhi Daredevils,SR Watson,R Bhatia,40,2,6.1,32,2,20,1,129
3,2008-04-19,Feroz Shah Kotla,Rajasthan Royals,Delhi Daredevils,SR Watson,R Bhatia,41,3,6.2,33,3,21,1,129
3,2008-04-19,Feroz Shah Kotla,Rajasthan Royals,Delhi Daredevils,M Kaif,R Bhatia,43,3,6.3,35,3,3,0,129
3,2008-04-19,Feroz Shah Kotla,Rajasthan Royals,Delhi Daredevils,M Kaif,R Bhatia,43,3,6.4,34,3,3,0,129
3,2008-04-19,Feroz Shah Kotla,Rajasthan Royals,Delhi Daredevils,M Kaif,R Bhatia,43,3,6.5,30,3,3,0,129
3,2008-04-19,Feroz Shah Kotla,Rajasthan Royals,Delhi Daredevils,M Kaif,R Bhatia,44,3,6.6,27,3,4,0,129
3,2008-04-19,Feroz Shah Kotla,Rajasthan Royals,Delhi Daredevils,M Kaif,MF Maharoof,45,3,7.1,28,3,4,0,129
3,2008-04-19,Feroz Shah Kotla,Rajasthan Royals,Delhi Daredevils,DS Lehmann,MF Maharoof,46,3,7.2,29,3,4,1,129
3,2008-04-19,Feroz Shah Kotla,Rajasthan Royals,Delhi Daredevils,M Kaif,MF Maharoof,47,3,7.3,30,2,5,1,129
3,2008-04-19,Feroz Shah Kotla,Rajasthan Royals,Delhi Daredevils,DS Lehmann,MF Maharoof,47,4,7.4,30,3,5,1,129
3,2008-04-19,Feroz Shah Kotla,Rajasthan Royals,Delhi Daredevils,RA Jadeja,MF Maharoof,47,4,7.5,30,3,5,0,129
3,2008-04-19,Feroz Shah Kotla,Rajasthan Royals,Delhi Daredevils,RA Jadeja,MF Maharoof,48,4,7.6,31,3,5,1,129
3,2008-04-19,Feroz Shah Kotla,Rajasthan Royals,Delhi Daredevils,RA Jadeja,R Bhatia,48,4,8.1,30,3,5,1,129
3,2008-04-19,Feroz Shah Kotla,Rajasthan Royals,Delhi Daredevils,RA Jadeja,R Bhatia,48,4,8.2,26,3,5,1,129
3,2008-04-19,Feroz Shah Kotla,Rajasthan Royals,Delhi Daredevils,RA Jadeja,R Bhatia,49,4,8.3,23,3,5,1,129
3,2008-04-19,Feroz Shah Kotla,Rajasthan Royals,Delhi Daredevils,M Kaif,R Bhatia,50,4,8.4,23,3,6,1,129
3,2008-04-19,Feroz Shah Kotla,Rajasthan Royals,Delhi Daredevils,RA Jadeja,R Bhatia,50,4,8.5,23,2,6,1,129
3,2008-04-19,Feroz Shah Kotla,Rajasthan Royals,Delhi Daredevils,RA Jadeja,R Bhatia,51,4,8.6,20,2,6,2,129
3,2008-04-19,Feroz Shah Kotla,Rajasthan Royals,Delhi Daredevils,RA Jadeja,MF Maharoof,52,4,9.1,21,2,6,2,129
3,2008-04-19,Feroz Shah Kotla,Rajasthan Royals,Delhi Daredevils,M Kaif,MF Maharoof,53,4,9.2,22,2,7,2,129
3,2008-04-19,Feroz Shah Kotla,Rajasthan Royals,Delhi Daredevils,RA Jadeja,MF Maharoof,54,4,9.3,22,2,7,3,129
3,2008-04-19,Feroz Shah Kotla,Rajasthan Royals,Delhi Daredevils,M Kaif,MF Maharoof,55,4,9.4,19,2,8,3,129
3,2008-04-19,Feroz Shah Kotla,Rajasthan Royals,Delhi Daredevils,RA Jadeja,MF Maharoof,56,4,9.5,20,2,8,4,129
3,2008-04-19,Feroz Shah Kotla,Rajasthan Royals,Delhi Daredevils,M Kaif,MF Maharoof,57,4,9.6,20,2,9,4,129
3,2008-04-19,Feroz Shah Kotla,Rajasthan Royals,Delhi Daredevils,M Kaif,R Bhatia,57,4,10.1,20,2,9,4,129
3,2008-04-19,Feroz Shah Kotla,Rajasthan Royals,Delhi Daredevils,M Kaif,R Bhatia,57,4,10.2,19,2,9,4,129
3,2008-04-19,Feroz Shah Kotla,Rajasthan Royals,Delhi Daredevils,M Kaif,R Bhatia,57,5,10.3,19,3,9,4,129
3,2008-04-19,Feroz Shah Kotla,Rajasthan Royals,Delhi Daredevils,M Rawat,R Bhatia,58,5,10.4,19,3,4,1,129
3,2008-04-19,Feroz Shah Kotla,Rajasthan Royals,Delhi Daredevils,RA Jadeja,R Bhatia,58,5,10.5,18,3,4,1,129
3,2008-04-19,Feroz Shah Kotla,Rajasthan Royals,Delhi Daredevils,RA Jadeja,R Bhatia,59,5,10.6,19,3,5,1,129
3,2008-04-19,Feroz Shah Kotla,Rajasthan Royals,Delhi Daredevils,RA Jadeja,DL Vettori,65,5,11.1,25,3,11,1,129
3,2008-04-19,Feroz Shah Kotla,Rajasthan Royals,Delhi Daredevils,RA Jadeja,DL Vettori,69,5,11.2,28,2,15,1,129
3,2008-04-19,Feroz Shah Kotla,Rajasthan Royals,Delhi Daredevils,RA Jadeja,DL Vettori,70,5,11.3,27,2,16,1,129
3,2008-04-19,Feroz Shah Kotla,Rajasthan Royals,Delhi Daredevils,M Rawat,DL Vettori,70,5,11.4,27,2,16,1,129
3,2008-04-19,Feroz Shah Kotla,Rajasthan Royals,Delhi Daredevils,M Rawat,DL Vettori,71,5,11.5,28,2,16,2,129
3,2008-04-19,Feroz Shah Kotla,Rajasthan Royals,Delhi Daredevils,RA Jadeja,DL Vettori,71,5,11.6,27,2,16,2,129
3,2008-04-19,Feroz Shah Kotla,Rajasthan Royals,Delhi Daredevils,M Rawat,R Bhatia,71,6,12.1,26,3,16,2,129
3,2008-04-19,Feroz Shah Kotla,Rajasthan Royals,Delhi Daredevils,D Salunkhe,R Bhatia,75,6,12.2,29,3,16,4,129
3,2008-04-19,Feroz Shah Kotla,Rajasthan Royals,Delhi Daredevils,D Salunkhe,R Bhatia,76,6,12.3,29,3,16,5,129
3,2008-04-19,Feroz Shah Kotla,Rajasthan Royals,Delhi Daredevils,RA Jadeja,R Bhatia,78,6,12.3,31,2,16,5,129
3,2008-04-19,Feroz Shah Kotla,Rajasthan Royals,Delhi Daredevils,D Salunkhe,R Bhatia,78,6,12.4,31,2,16,5,129
3,2008-04-19,Feroz Shah Kotla,Rajasthan Royals,Delhi Daredevils,D Salunkhe,R Bhatia,79,6,12.5,31,2,16,6,129
3,2008-04-19,Feroz Shah Kotla,Rajasthan Royals,Delhi Daredevils,RA Jadeja,R Bhatia,80,6,12.6,32,2,17,6,129
3,2008-04-19,Feroz Shah Kotla,Rajasthan Royals,Delhi Daredevils,RA Jadeja,B Geeves,84,6,13.1,36,2,21,6,129
3,2008-04-19,Feroz Shah Kotla,Rajasthan Royals,Delhi Daredevils,RA Jadeja,B Geeves,85,6,13.2,36,2,22,6,129
3,2008-04-19,Feroz Shah Kotla,Rajasthan Royals,Delhi Daredevils,D Salunkhe,B Geeves,86,6,13.3,36,2,22,7,129
3,2008-04-19,Feroz Shah Kotla,Rajasthan Royals,Delhi Daredevils,RA Jadeja,B Geeves,86,6,13.4,36,2,22,7,129
3,2008-04-19,Feroz Shah Kotla,Rajasthan Royals,Delhi Daredevils,RA Jadeja,B Geeves,87,6,13.5,36,2,23,7,129
3,2008-04-19,Feroz Shah Kotla,Rajasthan Royals,Delhi Daredevils,D Salunkhe,B Geeves,87,6,13.6,35,2,23,7,129
3,2008-04-19,Feroz Shah Kotla,Rajasthan Royals,Delhi Daredevils,RA Jadeja,DL Vettori,93,6,14.1,40,2,29,7,129
3,2008-04-19,Feroz Shah Kotla,Rajasthan Royals,Delhi Daredevils,RA Jadeja,DL Vettori,93,7,14.2,39,3,29,7,129
3,2008-04-19,Feroz Shah Kotla,Rajasthan Royals,Delhi Daredevils,SK Warne,DL Vettori,93,7,14.3,38,3,7,0,129
3,2008-04-19,Feroz Shah Kotla,Rajasthan Royals,Delhi Daredevils,SK Warne,DL Vettori,94,7,14.4,38,3,7,1,129
3,2008-04-19,Feroz Shah Kotla,Rajasthan Royals,Delhi Daredevils,D Salunkhe,DL Vettori,95,7,14.5,38,3,8,1,129
3,2008-04-19,Feroz Shah Kotla,Rajasthan Royals,Delhi Daredevils,SK Warne,DL Vettori,96,7,14.6,39,3,8,2,129
3,2008-04-19,Feroz Shah Kotla,Rajasthan Royals,Delhi Daredevils,SK Warne,B Geeves,96,7,15.1,39,3,8,2,129
3,2008-04-19,Feroz Shah Kotla,Rajasthan Royals,Delhi Daredevils,SK Warne,B Geeves,96,7,15.2,39,2,8,2,129
3,2008-04-19,Feroz Shah Kotla,Rajasthan Royals,Delhi Daredevils,SK Warne,B Geeves,100,7,15.3,42,2,8,6,129
3,2008-04-19,Feroz Shah Kotla,Rajasthan Royals,Delhi Daredevils,SK Warne,B Geeves,100,7,15.4,42,2,8,6,129
3,2008-04-19,Feroz Shah Kotla,Rajasthan Royals,Delhi Daredevils,SK Warne,B Geeves,104,7,15.5,45,2,10,8,129
3,2008-04-19,Feroz Shah Kotla,Rajasthan Royals,Delhi Daredevils,SK Warne,B Geeves,106,7,15.6,41,2,12,8,129
3,2008-04-19,Feroz Shah Kotla,Rajasthan Royals,Delhi Daredevils,D Salunkhe,DL Vettori,107,7,16.1,38,2,12,9,129
3,2008-04-19,Feroz Shah Kotla,Rajasthan Royals,Delhi Daredevils,SK Warne,DL Vettori,107,7,16.2,37,2,12,9,129
3,2008-04-19,Feroz Shah Kotla,Rajasthan Royals,Delhi Daredevils,SK Warne,DL Vettori,108,7,16.3,38,2,13,9,129
3,2008-04-19,Feroz Shah Kotla,Rajasthan Royals,Delhi Daredevils,D Salunkhe,DL Vettori,108,7,16.4,37,2,13,9,129
3,2008-04-19,Feroz Shah Kotla,Rajasthan Royals,Delhi Daredevils,D Salunkhe,DL Vettori,109,7,16.5,38,2,13,10,129
3,2008-04-19,Feroz Shah Kotla,Rajasthan Royals,Delhi Daredevils,SK Warne,DL Vettori,110,7,16.6,39,1,14,10,129
3,2008-04-19,Feroz Shah Kotla,Rajasthan Royals,Delhi Daredevils,SK Warne,MF Maharoof,110,8,17.1,35,2,14,10,129
3,2008-04-19,Feroz Shah Kotla,Rajasthan Royals,Delhi Daredevils,SK Trivedi,MF Maharoof,110,8,17.2,34,2,10,0,129
3,2008-04-19,Feroz Shah Kotla,Rajasthan Royals,Delhi Daredevils,SK Trivedi,MF Maharoof,110,8,17.3,32,2,10,0,129
3,2008-04-19,Feroz Shah Kotla,Rajasthan Royals,Delhi Daredevils,SK Trivedi,MF Maharoof,110,8,17.4,32,2,10,0,129
3,2008-04-19,Feroz Shah Kotla,Rajasthan Royals,Delhi Daredevils,SK Trivedi,MF Maharoof,111,8,17.5,32,2,10,1,129
3,2008-04-19,Feroz Shah Kotla,Rajasthan Royals,Delhi Daredevils,D Salunkhe,MF Maharoof,111,8,17.6,31,2,10,1,129
3,2008-04-19,Feroz Shah Kotla,Rajasthan Royals,Delhi Daredevils,SK Trivedi,DL Vettori,111,8,18.1,27,2,10,1,129
3,2008-04-19,Feroz Shah Kotla,Rajasthan Royals,Delhi Daredevils,SK Trivedi,DL Vettori,112,8,18.2,27,2,10,2,129
3,2008-04-19,Feroz Shah Kotla,Rajasthan Royals,Delhi Daredevils,D Salunkhe,DL Vettori,116,8,18.3,30,2,14,2,129
3,2008-04-19,Feroz Shah Kotla,Rajasthan Royals,Delhi Daredevils,D Salunkhe,DL Vettori,120,8,18.4,34,2,18,2,129
3,2008-04-19,Feroz Shah Kotla,Rajasthan Royals,Delhi Daredevils,D Salunkhe,DL Vettori,120,8,18.5,33,2,18,2,129
3,2008-04-19,Feroz Shah Kotla,Rajasthan Royals,Delhi Daredevils,D Salunkhe,DL Vettori,121,8,18.6,34,2,19,2,129
3,2008-04-19,Feroz Shah Kotla,Rajasthan Royals,Delhi Daredevils,D Salunkhe,GD McGrath,125,8,19.1,32,2,23,2,129
3,2008-04-19,Feroz Shah Kotla,Rajasthan Royals,Delhi Daredevils,D Salunkhe,GD McGrath,125,8,19.2,32,1,23,2,129
3,2008-04-19,Feroz Shah Kotla,Rajasthan Royals,Delhi Daredevils,D Salunkhe,GD McGrath,126,8,19.3,33,1,24,2,129
3,2008-04-19,Feroz Shah Kotla,Rajasthan Royals,Delhi Daredevils,SK Trivedi,GD McGrath,127,8,19.4,33,1,24,3,129
3,2008-04-19,Feroz Shah Kotla,Rajasthan Royals,Delhi Daredevils,D Salunkhe,GD McGrath,129,8,19.5,34,1,26,3,129
3,2008-04-19,Feroz Shah Kotla,Rajasthan Royals,Delhi Daredevils,D Salunkhe,GD McGrath,129,8,19.6,33,1,26,3,129
4,2008-04-20,Wankhede Stadium,Mumbai Indians,Royal Challengers Bangalore,L Ronchi,P Kumar,0,0,0.1,0,0,0,0,165
4,2008-04-20,Wankhede Stadium,Mumbai Indians,Royal Challengers Bangalore,L Ronchi,P Kumar,4,0,0.2,4,0,4,0,165
4,2008-04-20,Wankhede Stadium,Mumbai Indians,Royal Challengers Bangalore,L Ronchi,P Kumar,4,0,0.3,4,0,4,0,165
4,2008-04-20,Wankhede Stadium,Mumbai Indians,Royal Challengers Bangalore,L Ronchi,P Kumar,4,0,0.4,4,0,4,0,165
4,2008-04-20,Wankhede Stadium,Mumbai Indians,Royal Challengers Bangalore,L Ronchi,P Kumar,8,0,0.5,8,0,8,0,165
4,2008-04-20,Wankhede Stadium,Mumbai Indians,Royal Challengers Bangalore,L Ronchi,P Kumar,8,0,0.6,8,0,8,0,165
4,2008-04-20,Wankhede Stadium,Mumbai Indians,Royal Challengers Bangalore,ST Jayasuriya,Z Khan,9,0,1.1,9,0,8,1,165
4,2008-04-20,Wankhede Stadium,Mumbai Indians,Royal Challengers Bangalore,L Ronchi,Z Khan,9,0,1.2,9,0,8,1,165
4,2008-04-20,Wankhede Stadium,Mumbai Indians,Royal Challengers Bangalore,L Ronchi,Z Khan,9,0,1.3,9,0,8,1,165
4,2008-04-20,Wankhede Stadium,Mumbai Indians,Royal Challengers Bangalore,L Ronchi,Z Khan,9,0,1.4,9,0,8,1,165
4,2008-04-20,Wankhede Stadium,Mumbai Indians,Royal Challengers Bangalore,L Ronchi,Z Khan,9,1,1.5,9,1,8,1,165
4,2008-04-20,Wankhede Stadium,Mumbai Indians,Royal Challengers Bangalore,DJ Thornely,Z Khan,13,1,1.6,13,1,1,0,165
4,2008-04-20,Wankhede Stadium,Mumbai Indians,Royal Challengers Bangalore,ST Jayasuriya,P Kumar,13,1,2.1,13,1,1,0,165
4,2008-04-20,Wankhede Stadium,Mumbai Indians,Royal Challengers Bangalore,ST Jayasuriya,P Kumar,17,1,2.2,17,1,5,0,165
4,2008-04-20,Wankhede Stadium,Mumbai Indians,Royal Challengers Bangalore,ST Jayasuriya,P Kumar,17,1,2.3,17,1,5,0,165
4,2008-04-20,Wankhede Stadium,Mumbai Indians,Royal Challengers Bangalore,ST Jayasuriya,P Kumar,18,1,2.4,18,1,6,0,165
4,2008-04-20,Wankhede Stadium,Mumbai Indians,Royal Challengers Bangalore,DJ Thornely,P Kumar,18,1,2.5,18,1,6,0,165
4,2008-04-20,Wankhede Stadium,Mumbai Indians,Royal Challengers Bangalore,DJ Thornely,P Kumar,19,1,2.5,19,1,6,0,165
4,2008-04-20,Wankhede Stadium,Mumbai Indians,Royal Challengers Bangalore,DJ Thornely,P Kumar,19,1,2.6,19,1,6,0,165
4,2008-04-20,Wankhede Stadium,Mumbai Indians,Royal Challengers Bangalore,ST Jayasuriya,Z Khan,19,1,3.1,19,1,6,0,165
4,2008-04-20,Wankhede Stadium,Mumbai Indians,Royal Challengers Bangalore,ST Jayasuriya,Z Khan,20,1,3.2,20,1,7,0,165
4,2008-04-20,Wankhede Stadium,Mumbai Indians,Royal Challengers Bangalore,DJ Thornely,Z Khan,20,1,3.3,20,1,7,0,165
4,2008-04-20,Wankhede Stadium,Mumbai Indians,Royal Challengers Bangalore,DJ Thornely,Z Khan,20,2,3.4,20,2,7,0,165
4,2008-04-20,Wankhede Stadium,Mumbai Indians,Royal Challengers Bangalore,RV Uthappa,Z Khan,22,2,3.5,22,2,7,2,165
4,2008-04-20,Wankhede Stadium,Mumbai Indians,Royal Challengers Bangalore,RV Uthappa,Z Khan,22,2,3.6,22,2,7,2,165
4,2008-04-20,Wankhede Stadium,Mumbai Indians,Royal Challengers Bangalore,ST Jayasuriya,JH Kallis,23,2,4.0,23,2,7,2,165
4,2008-04-20,Wankhede Stadium,Mumbai Indians,Royal Challengers Bangalore,ST Jayasuriya,JH Kallis,27,2,4.1,27,2,11,2,165
4,2008-04-20,Wankhede Stadium,Mumbai Indians,Royal Challengers Bangalore,ST Jayasuriya,JH Kallis,31,2,4.2,31,2,15,2,165
4,2008-04-20,Wankhede Stadium,Mumbai Indians,Royal Challengers Bangalore,ST Jayasuriya,JH Kallis,31,2,4.3,31,2,15,2,165
4,2008-04-20,Wankhede Stadium,Mumbai Indians,Royal Challengers Bangalore,ST Jayasuriya,JH Kallis,35,2,4.4,35,2,19,2,165
4,2008-04-20,Wankhede Stadium,Mumbai Indians,Royal Challengers Bangalore,ST Jayasuriya,JH Kallis,35,2,4.5,35,2,19,2,165
4,2008-04-20,Wankhede Stadium,Mumbai Indians,Royal Challengers Bangalore,ST Jayasuriya,JH Kallis,41,2,4.6,37,2,25,2,165
4,2008-04-20,Wankhede Stadium,Mumbai Indians,Royal Challengers Bangalore,RV Uthappa,Z Khan,42,2,5.1,38,2,25,3,165
4,2008-04-20,Wankhede Stadium,Mumbai Indians,Royal Challengers Bangalore,ST Jayasuriya,Z Khan,46,2,5.2,42,2,29,3,165
4,2008-04-20,Wankhede Stadium,Mumbai Indians,Royal Challengers Bangalore,ST Jayasuriya,Z Khan,46,2,5.3,38,2,29,3,165
4,2008-04-20,Wankhede Stadium,Mumbai Indians,Royal Challengers Bangalore,ST Jayasuriya,Z Khan,46,3,5.4,38,3,29,3,165
4,2008-04-20,Wankhede Stadium,Mumbai Indians,Royal Challengers Bangalore,RV Uthappa,Z Khan,47,3,5.5,38,3,4,0,165
4,2008-04-20,Wankhede Stadium,Mumbai Indians,Royal Challengers Bangalore,PR Shah,Z Khan,47,3,5.6,38,3,4,0,165
4,2008-04-20,Wankhede Stadium,Mumbai Indians,Royal Challengers Bangalore,RV Uthappa,R Vinay Kumar,48,3,6.1,39,3,5,0,165
4,2008-04-20,Wankhede Stadium,Mumbai Indians,Royal Challengers Bangalore,PR Shah,R Vinay Kumar,48,3,6.2,39,3,5,0,165
4,2008-04-20,Wankhede Stadium,Mumbai Indians,Royal Challengers Bangalore,PR Shah,R Vinay Kumar,49,3,6.3,40,2,5,1,165
4,2008-04-20,Wankhede Stadium,Mumbai Indians,Royal Challengers Bangalore,RV Uthappa,R Vinay Kumar,53,3,6.4,40,2,9,1,165
4,2008-04-20,Wankhede Stadium,Mumbai Indians,Royal Challengers Bangalore,RV Uthappa,R Vinay Kumar,54,3,6.5,41,2,10,1,165
4,2008-04-20,Wankhede Stadium,Mumbai Indians,Royal Challengers Bangalore,PR Shah,R Vinay Kumar,54,3,6.6,37,2,10,1,165
4,2008-04-20,Wankhede Stadium,Mumbai Indians,Royal Challengers Bangalore,RV Uthappa,B Akhil,54,3,7.1,37,2,10,1,165
4,2008-04-20,Wankhede Stadium,Mumbai Indians,Royal Challengers Bangalore,RV Uthappa,B Akhil,55,3,7.2,37,2,11,1,165
4,2008-04-20,Wankhede Stadium,Mumbai Indians,Royal Challengers Bangalore,PR Shah,B Akhil,56,3,7.3,38,2,11,2,165
4,2008-04-20,Wankhede Stadium,Mumbai Indians,Royal Challengers Bangalore,RV Uthappa,B Akhil,57,3,7.4,38,2,12,2,165
4,2008-04-20,Wankhede Stadium,Mumbai Indians,Royal Challengers Bangalore,PR Shah,B Akhil,58,3,7.5,39,2,12,3,165
4,2008-04-20,Wankhede Stadium,Mumbai Indians,Royal Challengers Bangalore,RV Uthappa,B Akhil,60,3,7.6,41,2,14,3,165
4,2008-04-20,Wankhede Stadium,Mumbai Indians,Royal Challengers Bangalore,PR Shah,JH Kallis,61,3,8.1,41,2,14,3,165
4,2008-04-20,Wankhede Stadium,Mumbai Indians,Royal Challengers Bangalore,RV Uthappa,JH Kallis,62,3,8.2,42,2,15,3,165
4,2008-04-20,Wankhede Stadium,Mumbai Indians,Royal Challengers Bangalore,PR Shah,JH Kallis,63,3,8.3,43,1,15,4,165
4,2008-04-20,Wankhede Stadium,Mumbai Indians,Royal Challengers Bangalore,RV Uthappa,JH Kallis,67,3,8.4,45,1,19,4,165
4,2008-04-20,Wankhede Stadium,Mumbai Indians,Royal Challengers Bangalore,RV Uthappa,JH Kallis,68,3,8.5,46,1,20,4,165
4,2008-04-20,Wankhede Stadium,Mumbai Indians,Royal Challengers Bangalore,PR Shah,JH Kallis,72,3,8.6,49,1,20,8,165
4,2008-04-20,Wankhede Stadium,Mumbai Indians,Royal Challengers Bangalore,RV Uthappa,R Vinay Kumar,72,3,9.1,45,1,20,8,165
4,2008-04-20,Wankhede Stadium,Mumbai Indians,Royal Challengers Bangalore,RV Uthappa,R Vinay Kumar,73,3,9.2,42,1,21,8,165
4,2008-04-20,Wankhede Stadium,Mumbai Indians,Royal Challengers Bangalore,PR Shah,R Vinay Kumar,73,3,9.3,42,1,21,8,165
4,2008-04-20,Wankhede Stadium,Mumbai Indians,Royal Challengers Bangalore,PR Shah,R Vinay Kumar,74,3,9.4,39,1,21,8,165
4,2008-04-20,Wankhede Stadium,Mumbai Indians,Royal Challengers Bangalore,RV Uthappa,R Vinay Kumar,74,3,9.5,39,1,21,8,165
4,2008-04-20,Wankhede Stadium,Mumbai Indians,Royal Challengers Bangalore,RV Uthappa,R Vinay Kumar,74,3,9.6,33,1,21,8,165
4,2008-04-20,Wankhede Stadium,Mumbai Indians,Royal Challengers Bangalore,PR Shah,SB Joshi,75,3,10.1,33,1,21,9,165
4,2008-04-20,Wankhede Stadium,Mumbai Indians,Royal Challengers Bangalore,RV Uthappa,SB Joshi,76,3,10.2,30,1,22,9,165
4,2008-04-20,Wankhede Stadium,Mumbai Indians,Royal Challengers Bangalore,PR Shah,SB Joshi,80,3,10.3,34,1,22,13,165
4,2008-04-20,Wankhede Stadium,Mumbai Indians,Royal Challengers Bangalore,PR Shah,SB Joshi,81,3,10.4,35,0,22,14,165
4,2008-04-20,Wankhede Stadium,Mumbai Indians,Royal Challengers Bangalore,RV Uthappa,SB Joshi,81,3,10.5,34,0,22,14,165
4,2008-04-20,Wankhede Stadium,Mumbai Indians,Royal Challengers Bangalore,RV Uthappa,SB Joshi,81,3,10.6,34,0,22,14,165
4,2008-04-20,Wankhede Stadium,Mumbai Indians,Royal Challengers Bangalore,PR Shah,R Vinay Kumar,81,3,11.1,33,0,22,14,165
4,2008-04-20,Wankhede Stadium,Mumbai Indians,Royal Challengers Bangalore,PR Shah,R Vinay Kumar,83,3,11.2,35,0,22,16,165
4,2008-04-20,Wankhede Stadium,Mumbai Indians,Royal Challengers Bangalore,PR Shah,R Vinay Kumar,84,3,11.3,35,0,22,17,165
4,2008-04-20,Wankhede Stadium,Mumbai Indians,Royal Challengers Bangalore,RV Uthappa,R Vinay Kumar,84,3,11.4,31,0,22,17,165
4,2008-04-20,Wankhede Stadium,Mumbai Indians,Royal Challengers Bangalore,RV Uthappa,R Vinay Kumar,88,3,11.5,34,0,26,17,165
4,2008-04-20,Wankhede Stadium,Mumbai Indians,Royal Challengers Bangalore,RV Uthappa,R Vinay Kumar,94,3,11.6,40,0,32,17,165
4,2008-04-20,Wankhede Stadium,Mumbai Indians,Royal Challengers Bangalore,PR Shah,SB Joshi,94,3,12.1,40,0,32,17,165
4,2008-04-20,Wankhede Stadium,Mumbai Indians,Royal Challengers Bangalore,PR Shah,SB Joshi,95,3,12.2,40,0,32,18,165
4,2008-04-20,Wankhede Stadium,Mumbai Indians,Royal Challengers Bangalore,RV Uthappa,SB Joshi,95,3,12.3,39,0,32,18,165
4,2008-04-20,Wankhede Stadium,Mumbai Indians,Royal Challengers Bangalore,RV Uthappa,SB Joshi,95,3,12.4,38,0,32,18,165
4,2008-04-20,Wankhede Stadium,Mumbai Indians,Royal Challengers Bangalore,RV Uthappa,SB Joshi,96,3,12.5,38,0,33,18,165
4,2008-04-20,Wankhede Stadium,Mumbai Indians,Royal Challengers Bangalore,PR Shah,SB Joshi,97,3,12.6,37,0,33,19,165
4,2008-04-20,Wankhede Stadium,Mumbai Indians,Royal Challengers Bangalore,PR Shah,B Akhil,97,3,13.1,36,0,33,19,165
4,2008-04-20,Wankhede Stadium,Mumbai Indians,Royal Challengers Bangalore,PR Shah,B Akhil,97,3,13.2,35,0,33,19,165
4,2008-04-20,Wankhede Stadium,Mumbai Indians,Royal Challengers Bangalore,PR Shah,B Akhil,97,4,13.3,34,1,33,19,165
4,2008-04-20,Wankhede Stadium,Mumbai Indians,Royal Challengers Bangalore,RV Uthappa,B Akhil,98,4,13.4,31,1,34,0,165
4,2008-04-20,Wankhede Stadium,Mumbai Indians,Royal Challengers Bangalore,AM Nayar,B Akhil,98,4,13.5,30,1,34,0,165
4,2008-04-20,Wankhede Stadium,Mumbai Indians,Royal Challengers Bangalore,AM Nayar,B Akhil,99,4,13.6,27,1,34,0,165
4,2008-04-20,Wankhede Stadium,Mumbai Indians,Royal Challengers Bangalore,AM Nayar,P Kumar,100,4,14.1,28,1,34,1,165
4,2008-04-20,Wankhede Stadium,Mumbai Indians,Royal Challengers Bangalore,RV Uthappa,P Kumar,101,4,14.2,28,1,35,1,165
4,2008-04-20,Wankhede Stadium,Mumbai Indians,Royal Challengers Bangalore,AM Nayar,P Kumar,102,4,14.3,29,1,35,2,165
4,2008-04-20,Wankhede Stadium,Mumbai Indians,Royal Challengers Bangalore,RV Uthappa,P Kumar,102,4,14.4,28,1,35,2,165
4,2008-04-20,Wankhede Stadium,Mumbai Indians,Royal Challengers Bangalore,RV Uthappa,P Kumar,104,4,14.5,30,1,37,2,165
4,2008-04-20,Wankhede Stadium,Mumbai Indians,Royal Challengers Bangalore,RV Uthappa,P Kumar,105,4,14.6,31,1,38,2,165
4,2008-04-20,Wankhede Stadium,Mumbai Indians,Royal Challengers Bangalore,RV Uthappa,JH Kallis,106,4,15.1,31,1,39,2,165
4,2008-04-20,Wankhede Stadium,Mumbai Indians,Royal Challengers Bangalore,AM Nayar,JH Kallis,107,4,15.2,31,1,39,3,165
4,2008-04-20,Wankhede Stadium,Mumbai Indians,Royal Challengers Bangalore,RV Uthappa,JH Kallis,108,4,15.3,28,1,40,3,165
4,2008-04-20,Wankhede Stadium,Mumbai Indians,Royal Challengers Bangalore,AM Nayar,JH Kallis,109,4,15.3,28,1,40,3,165
4,2008-04-20,Wankhede Stadium,Mumbai Indians,Royal Challengers Bangalore,AM Nayar,JH Kallis,110,4,15.4,29,1,40,4,165
4,2008-04-20,Wankhede Stadium,Mumbai Indians,Royal Challengers Bangalore,RV Uthappa,JH Kallis,114,4,15.5,33,1,44,4,165
4,2008-04-20,Wankhede Stadium,Mumbai Indians,Royal Challengers Bangalore,RV Uthappa,JH Kallis,118,4,15.6,37,1,48,4,165
4,2008-04-20,Wankhede Stadium,Mumbai Indians,Royal Challengers Bangalore,AM Nayar,B Akhil,119,4,16.1,36,1,48,5,165
4,2008-04-20,Wankhede Stadium,Mumbai Indians,Royal Challengers Bangalore,RV Uthappa,B Akhil,120,4,16.2,36,1,48,5,165
4,2008-04-20,Wankhede Stadium,Mumbai Indians,Royal Challengers Bangalore,AM Nayar,B Akhil,124,4,16.3,40,1,48,9,165
4,2008-04-20,Wankhede Stadium,Mumbai Indians,Royal Challengers Bangalore,AM Nayar,B Akhil,125,4,16.4,37,1,48,10,165
4,2008-04-20,Wankhede Stadium,Mumbai Indians,Royal Challengers Bangalore,RV Uthappa,B Akhil,125,5,16.5,31,2,48,10,165
4,2008-04-20,Wankhede Stadium,Mumbai Indians,Royal Challengers Bangalore,SM Pollock,B Akhil,129,5,16.6,35,2,10,4,165
4,2008-04-20,Wankhede Stadium,Mumbai Indians,Royal Challengers Bangalore,AM Nayar,R Vinay Kumar,131,5,17.1,36,2,12,4,165
4,2008-04-20,Wankhede Stadium,Mumbai Indians,Royal Challengers Bangalore,AM Nayar,R Vinay Kumar,137,5,17.2,42,2,18,4,165
4,2008-04-20,Wankhede Stadium,Mumbai Indians,Royal Challengers Bangalore,AM Nayar,R Vinay Kumar,138,5,17.3,43,2,19,4,165
4,2008-04-20,Wankhede Stadium,Mumbai Indians,Royal Challengers Bangalore,SM Pollock,R Vinay Kumar,142,5,17.4,46,2,19,8,165
4,2008-04-20,Wankhede Stadium,Mumbai Indians,Royal Challengers Bangalore,SM Pollock,R Vinay Kumar,148,5,17.5,51,2,19,14,165
4,2008-04-20,Wankhede Stadium,Mumbai Indians,Royal Challengers Bangalore,SM Pollock,R Vinay Kumar,149,5,17.6,52,2,19,15,165
4,2008-04-20,Wankhede Stadium,Mumbai Indians,Royal Challengers Bangalore,SM Pollock,P Kumar,150,5,18.1,53,2,19,16,165
4,2008-04-20,Wankhede Stadium,Mumbai Indians,Royal Challengers Bangalore,AM Nayar,P Kumar,151,5,18.2,54,1,20,16,165
4,2008-04-20,Wankhede Stadium,Mumbai Indians,Royal Challengers Bangalore,SM Pollock,P Kumar,151,5,18.3,53,1,20,16,165
4,2008-04-20,Wankhede Stadium,Mumbai Indians,Royal Challengers Bangalore,SM Pollock,P Kumar,152,5,18.4,54,1,20,17,165
4,2008-04-20,Wankhede Stadium,Mumbai Indians,Royal Challengers Bangalore,AM Nayar,P Kumar,152,6,18.5,53,2,20,17,165
4,2008-04-20,Wankhede Stadium,Mumbai Indians,Royal Challengers Bangalore,SM Pollock,P Kumar,158,6,18.6,58,2,23,0,165
4,2008-04-20,Wankhede Stadium,Mumbai Indians,Royal Challengers Bangalore,Harbhajan Singh,Z Khan,159,6,19.1,58,2,23,1,165
4,2008-04-20,Wankhede Stadium,Mumbai Indians,Royal Challengers Bangalore,SM Pollock,Z Khan,159,6,19.2,57,2,23,1,165
4,2008-04-20,Wankhede Stadium,Mumbai Indians,Royal Challengers Bangalore,SM Pollock,Z Khan,163,6,19.3,61,2,27,1,165
4,2008-04-20,Wankhede Stadium,Mumbai Indians,Royal Challengers Bangalore,SM Pollock,Z Khan,164,6,19.4,60,2,28,1,165
4,2008-04-20,Wankhede Stadium,Mumbai Indians,Royal Challengers Bangalore,Harbhajan Singh,Z Khan,165,6,19.5,60,2,28,2,165
4,2008-04-20,Wankhede Stadium,Mumbai Indians,Royal Challengers Bangalore,SM Pollock,Z Khan,165,7,19.6,59,3,28,2,165
5,2008-04-20,Eden Gardens,Deccan Chargers,Kolkata Knight Riders,AC Gilchrist,AB Dinda,1,0,0.1,1,0,1,0,110
5,2008-04-20,Eden Gardens,Deccan Chargers,Kolkata Knight Riders,Y Venugopal Rao,AB Dinda,2,0,0.1,2,0,1,0,110
5,2008-04-20,Eden Gardens,Deccan Chargers,Kolkata Knight Riders,Y Venugopal Rao,AB Dinda,4,0,0.2,4,0,2,1,110
5,2008-04-20,Eden Gardens,Deccan Chargers,Kolkata Knight Riders,Y Venugopal Rao,AB Dinda,4,0,0.3,4,0,2,1,110
5,2008-04-20,Eden Gardens,Deccan Chargers,Kolkata Knight Riders,Y Venugopal Rao,AB Dinda,4,0,0.4,4,0,2,1,110
5,2008-04-20,Eden Gardens,Deccan Chargers,Kolkata Knight Riders,Y Venugopal Rao,AB Dinda,4,0,0.5,4,0,2,1,110
5,2008-04-20,Eden Gardens,Deccan Chargers,Kolkata Knight Riders,Y Venugopal Rao,AB Dinda,9,0,0.6,9,0,7,1,110
